{"accuracy": [0.2853972315788269, 0.6260527968406677, 0.7366833686828613, 0.8096972703933716, 0.8555656671524048, 0.8795242309570312, 0.9076371788978577, 0.9249942898750305, 0.9395060539245605, 0.947302520275116], "loss": [2.525984764099121, 1.2403775453567505, 0.8498623967170715, 0.5969898104667664, 0.44872888922691345, 0.365152508020401, 0.2795758843421936, 0.2288990467786789, 0.1838950514793396, 0.15919946134090424], "val_accuracy": [0.5832005739212036, 0.7488049268722534, 0.8188595771789551, 0.8803209662437439, 0.8931823372840881, 0.9187912344932556, 0.9590826034545898, 0.9540177583694458, 0.9592533707618713, 0.9642044305801392], "val_loss": [1.3662419319152832, 0.8093697428703308, 0.5903235077857971, 0.37766730785369873, 0.3209433853626251, 0.26203158497810364, 0.13784760236740112, 0.14119528234004974, 0.12459506839513779, 0.11263110488653183]}